{"cameraMode":{"drawMode":0,"name":"Shaded","section":"Shading Mode"},"sceneLighting":true,"audioPlay":false,"sceneViewState":{"m_AlwaysRefresh":false,"showFog":true,"showSkybox":true,"showFlares":true,"showImageEffects":true,"showParticleSystems":true,"showVisualEffectGraphs":true,"m_FxEnabled":true},"in2DMode":false,"pivot":{"x":517.1049194335938,"y":279.2183532714844,"z":248.40145874023438},"rotation":{"x":0.022805359214544297,"y":0.014990135096013546,"z":-0.0003415844985283911,"w":0.9996320009231567},"size":343.1427917480469,"orthographic":false}